Date,Price
2009-12,1135.000
2010-01,1118.000
2010-02,1095.000
2010-03,1113.000
2010-04,1149.000
2010-05,1205.000
2010-06,1233.000
2010-07,1193.000
2010-08,1216.000
2010-09,1271.000
2010-10,1342.000
2010-11,1370.000
2010-12,1391.000
2011-01,1360.000
2011-02,1375.000
2011-03,1423.000
2011-04,1481.000
2011-05,1513.000
2011-06,1529.000
2011-07,1573.000
2011-08,1759.000
2011-09,1772.000
2011-10,1666.000
2011-11,1739.000
2011-12,1640.000
2012-01,1654.000
2012-02,1745.000
2012-03,1676.000
2012-04,1649.000
2012-05,1589.000
2012-06,1599.000
2012-07,1594.000
2012-08,1630.000
2012-09,1745.000
2012-10,1747.000
2012-11,1722.000
2012-12,1685.000
2013-01,1672.000
2013-02,1628.000
2013-03,1593.000
2013-04,1488.000
2013-05,1414.000
2013-06,1343.000
2013-07,1286.000
2013-08,1352.000
2013-09,1349.000
2013-10,1317.000
2013-11,1276.000
2013-12,1222.000
2014-01,1244.000
2014-02,1300.000
2014-03,1336.000
2014-04,1298.000
2014-05,1289.000
2014-06,1279.000
2014-07,1311.000
2014-08,1295.000
2014-09,1237.000
2014-10,1222.000
2014-11,1175.000
2014-12,1201.000
2015-01,1251.000
2015-02,1227.000
2015-03,1179.000
2015-04,1199.000
2015-05,1199.000
2015-06,1182.000
2015-07,1128.000
2015-08,1118.000
2015-09,1125.000
2015-10,1159.000
2015-11,1086.000
2015-12,1076.000
2016-01,1098.000
2016-02,1200.000
2016-03,1245.000
2016-04,1242.000
2016-05,1261.000
2016-06,1276.000
2016-07,1337.000
2016-08,1340.000
2016-09,1327.000
2016-10,1267.000
2016-11,1238.000
2016-12,1157.000
2017-01,1192.000
2017-02,1234.000
2017-03,1231.000
2017-04,1267.000
2017-05,1246.000
2017-06,1260.000
2017-07,1237.000
2017-08,1283.000
2017-09,1314.000
2017-10,1280.000
2017-11,1282.000
2017-12,1264.000
2018-01,1331.000
2018-02,1331.000
2018-03,1325.000
2018-04,1335.000
2018-05,1303.000
2018-06,1282.000
2018-07,1238.000
2018-08,1202.000
2018-09,1198.000
2018-10,1215.000
2018-11,1221.000
2018-12,1250.000
2019-01,1292.000
2019-02,1320.000
2019-03,1301.000
2019-04,1286.000
2019-05,1284.000
2019-06,1359.000
2019-07,1413.000
2019-08,1500.000
2019-09,1511.000
2019-10,1495.000
2019-11,1471.000
2019-12,1479.000
2020-01,1561.000
2020-02,1597.000
2020-03,1592.000
2020-04,1683.000
2020-05,1716.000
2020-06,1732.000
2020-07,1847.000
2020-08,1969.000
2020-09,1922.000
2020-10,1900.000
2020-11,1866.000
2020-12,1858.000
2021-01,1867.000
2021-02,1808.000
2021-03,1718.000
2021-04,1760.000
2021-05,1850.000
2021-06,1835.000
2021-07,1808.000
2021-08,1785.000
2021-09,1775.000
2021-10,1777.000
2021-11,1822.000
2021-12,1790.000
2022-01,1816.000
2022-02,1856.000
2022-03,1948.000
2022-04,1937.000
2022-05,1849.000
2022-06,1837.000
2022-07,1733.000
2022-08,1765.000
2022-09,1681.000
2022-10,1664.000
2022-11,1725.000
2022-12,1798.000
2023-01,1898.000
2023-02,1855.000
2023-03,1913.000
2023-04,2000.000
2023-05,1992.000
2023-06,1943.000
2023-07,1951.000
2023-08,1919.000
2023-09,1916.000
2023-10,1916.000
2023-11,1984.000
2023-12,2026.000
2024-01,2034.000
2024-02,2023.000
2024-03,2158.000
2024-04,2331.000
2024-05,2351.000
2024-06,2326.000
2024-07,2398.000
2024-08,2470.000
2024-09,2571.000
2024-10,2690.000
2024-11,2651.000
2024-12,2648.000
2025-01,2710.000
2025-02,2895.000
2025-03,2983.000
2025-04,3218.000
2025-05,3309.000
2025-06,3353.000
2025-07,3340.000
2025-08,3368.000
2025-09,3668.000
2025-10,4058.000
2025-11,4087.000
2025-12,4309.000
2026-01,4753.000
2026-02,5020.000
2026-03,4856.000
2026-04,4721.000
2026-05,4587.000
2026-06,4228.000
2026-07,4073.000
2026-08,4411.000
2026-09,4319.000
